SCaLE Budget 2014-2023,,"$1,782,900",Actual (20x),,Actual (19x),,,,Actual (18x),,Actual (17x),,Actual (16x),,Actual (15x),,Actual (14x),,Actual (13x),,Actual (12x),
,#,TOTAL,2023,"$318,500",2022,"$235,500",2021 SKIPPED,,2020,"$195,000",2019,"$239,500",2018,"$192,000",2017,"$187,000",2016,"$220,400",2015,"$124,000",2014,"$71,000"
Microsoft Corporation,5,"$43,000",None,$0,None,$0,,,Platinum,"$12,000",Platinum,"$12,000",Platinum,"$12,000",None,$0,Gold,"$6,000",Special Event,"$1,000",None,$0
Facebook,7,"$41,000",Gold,"$6,000",Gold,"$6,000",,,Gold,"$6,000",Gold,"$6,000",Gold,"$6,000",Gold,"$5,000",Gold,"$6,000",None,$0,None,$0
"Red Hat, Inc.",8,"$38,000",Gold,"$6,000",Gold,"$6,000",,,Gold,"$6,000",Gold,"$6,000",Silver,"$3,000",Silver,"$3,000",Silver,"$3,000",Gold,"$5,000",None,$0
CNCF,5,"$36,500",Platinum,"$12,500",Gold,"$6,000",,,Gold,"$6,000",Gold,"$6,000",Gold,"$6,000",None,$0,None,$0,None,$0,None,$0
"Datadog, Inc",9,"$33,000",Silver,"$3,500",Silver,"$3,500",,,Silver,"$3,000",Silver,"$3,000",Gold,"$6,000",Gold,"$5,000",Silver,"$3,000",Silver,"$3,000",Silver,"$3,000"
Hewlett Packard Enterprise Development LP,4,"$33,000",None,$0,None,$0,,,None,$0,None,$0,None,$0,Silver,"$3,000",Diamond,"$20,000",Gold,"$5,000",Gold,"$5,000"
MySQL,8,"$31,000",Silver,"$3,500",Silver,"$3,500",,,Silver,"$3,000",Gold,"$6,000",Gold,"$6,000",Silver,"$3,000",Silver,"$3,000",Silver,"$3,000",None,$0
media temple (mt),5,"$30,500",None,$0,None,$0,,,None,$0,None,$0,Gold,"$6,000",Gold,"$5,000",Platinum,"$12,000",Gold,"$5,000",Reception,"$2,500"
IBM,3,"$28,000",None,$0,None,$0,,,None,$0,Diamond,"$20,000",None,$0,None,$0,None,$0,Gold,"$5,000",Silver,"$3,000"
Walt Disney Company,5,"$26,000",None,$0,None,$0,,,Gold,"$6,000",Gold,"$6,000",Gold,"$6,000",Gold,"$5,000",Silver,"$3,000",None,$0,None,$0
Google LLC,5,"$23,000",Platinum,"$12,500",None,$0,,,None,$0,Special Event,"$2,000",None,$0,Special Event,"$1,000",None,$0,Gold,"$5,000",Reception,"$2,500"
SUSE LLC,5,"$22,500",Gold,"$6,000",Silver,"$3,500",,,None,$0,None,$0,None,$0,Gold,"$5,000",Silver,"$3,000",Gold,"$5,000",None,$0
Linode,7,"$21,500",None,$0,Silver,"$3,500",,,Silver,"$3,000",Silver,"$3,000",Silver,"$3,000",Silver,"$3,000",Silver,"$3,000",Silver,"$3,000",None,$0
"Elasticsearch, Inc.",5,"$21,000",Gold,"$6,000",None,$0,,,Silver,"$3,000",Gold,"$6,000",None,$0,None,$0,Silver,"$3,000",Silver,"$3,000",None,$0
Private Internet Access,1,"$20,000",None,$0,None,$0,,,None,$0,None,$0,Diamond,"$20,000",None,$0,None,$0,None,$0,None,$0
Percona,6,"$19,000",Silver,"$3,500",Silver,"$3,500",,,Silver,"$3,000",None,$0,Silver,"$3,000",Silver,"$3,000",Silver,"$3,000",None,$0,None,$0
"Amazon Web Services, Inc.",2,"$18,000",None,$0,Platinum,"$12,000",,,Gold,"$6,000",None,$0,None,$0,None,$0,None,$0,None,$0,None,$0
Chef,5,"$18,000",None,$0,None,$0,,,None,$0,Gold,"$6,000",Silver,"$3,000",Silver,"$3,000",Silver,"$3,000",Silver,"$3,000",None,$0
"Mattermost, Inc.",2,"$18,000",Gold,"$6,000",Platinum,"$12,000",,,None,$0,None,$0,None,$0,None,$0,None,$0,None,$0,None,$0
Ubuntu,4,"$18,000",Silver,"$3,500",Silver,"$3,500",,,None,$0,None,$0,None,$0,Gold,"$5,000",Gold,"$6,000",None,$0,None,$0
OpenNMS,3,"$17,000",None,$0,Gold,"$6,000",,,None,$0,None,$0,None,$0,None,$0,Gold,"$6,000",Gold,"$5,000",None,$0
Silicon Mechanics,3,"$16,000",None,$0,None,$0,,,None,$0,None,$0,None,$0,None,$0,Gold,"$6,000",Gold,"$5,000",Gold,"$5,000"
GitLab Inc.,3,"$15,500",Silver,"$3,500",Gold,"$6,000",,,None,$0,Gold,"$6,000",None,$0,None,$0,None,$0,None,$0,None,$0
System76,5,"$15,500",None,$0,Silver,"$3,500",,,Silver,"$3,000",Silver,"$3,000",Silver,"$3,000",None,$0,Silver,"$3,000",None,$0,None,$0
LINBIT USA LLC,4,"$15,000",Gold,"$6,000",None,$0,,,Silver,"$3,000",Silver,"$3,000",Silver,"$3,000",None,$0,None,$0,None,$0,None,$0
Logz.io,3,"$15,000",None,$0,None,$0,,,Gold,"$6,000",Gold,"$6,000",Silver,"$3,000",None,$0,None,$0,None,$0,None,$0
VictorOps,4,"$15,000",None,$0,None,$0,,,None,$0,Gold,"$6,000",Silver,"$3,000",Silver,"$3,000",None,$0,Silver,"$3,000",None,$0
Wavefront,5,"$15,000",None,$0,None,$0,,,Silver,"$3,000",Silver,"$3,000",Silver,"$3,000",Silver,"$3,000",Silver,"$3,000",None,$0,None,$0
"Rackspace US, Inc.",2,"$13,000",None,$0,None,$0,,,None,$0,None,$0,None,$0,None,$0,None,$0,Silver,"$3,000",Platinum,"$10,000"
Ceph,3,"$12,500",Gold,"$6,000",Silver,"$3,500",,,Silver,"$3,000",None,$0,None,$0,None,$0,None,$0,None,$0,None,$0
Verizon Corporate Services,6,"$12,500",None,$0,None,$0,,,None,$0,Silver,"$3,000",Silver,"$3,000",Special Event,"$1,000",Special Event,"$2,000",Special Event,"$1,000",Reception,"$2,500"
VMWare,3,"$12,500",None,$0,Media,$500,,,Gold,"$6,000",Gold,"$6,000",None,$0,None,$0,None,$0,None,$0,None,$0
NGINX International Limited,3,"$12,000",Gold,"$6,000",None,$0,,,None,$0,None,$0,None,$0,Silver,"$3,000",None,$0,Silver,"$3,000",None,$0
Portworx,1,"$12,000",None,$0,Platinum,"$12,000",,,None,$0,None,$0,None,$0,None,$0,None,$0,None,$0,None,$0
SaltStack,4,"$12,000",None,$0,None,$0,,,Silver,"$3,000",None,$0,Silver,"$3,000",None,$0,None,$0,Silver,"$3,000",Silver,"$3,000"
Site24x7,2,"$12,000",Gold,"$6,000",Gold,"$6,000",,,None,$0,None,$0,None,$0,None,$0,None,$0,None,$0,None,$0
"Arista Networks, Inc.",3,"$11,000",None,$0,None,$0,,,Silver,"$3,000",None,$0,None,$0,None,$0,None,$0,Gold,"$5,000",Silver,"$3,000"
Linux Journal,7,"$11,000",Media,"$2,000",None,$0,,,None,$0,Media,"$1,500",Media,"$1,500",Media,"$1,500",Media,"$1,500",Media,"$1,500",Media,"$1,500"
O'Reilly,2,"$11,000",None,$0,None,$0,,,None,$0,None,$0,None,$0,Gold,"$5,000",Gold,"$6,000",None,$0,None,$0
OpenSUSE,4,"$11,000",None,$0,Media,$500,,,None,$0,Special Event,"$2,000",None,$0,None,$0,Reception,"$3,500",Gold,"$5,000",None,$0
OpsGenie,2,"$11,000",None,$0,None,$0,,,None,$0,None,$0,Gold,"$6,000",Gold,"$5,000",None,$0,None,$0,None,$0
PostgreSQL,5,"$10,800",Silver,"$3,500",Silver,"$3,500",,,Speaker Track,"$1,500",None,$0,Speaker Track,"$1,500",None,$0,Speaker Track,$800,None,$0,None,$0
Linux Pro Magazine,7,"$10,500",None,$0,None,$0,,,Media,"$1,500",Media,"$1,500",Media,"$1,500",Media,"$1,500",Media,"$1,500",Media,"$1,500",Media,"$1,500"
CoreOS,1,"$10,000",None,$0,None,$0,,,None,$0,None,$0,None,$0,Platinum,"$10,000",None,$0,None,$0,None,$0
Instaclustr,3,"$10,000",Silver,"$3,500",Silver,"$3,500",,,Silver,"$3,000",None,$0,None,$0,None,$0,None,$0,None,$0,None,$0
Intel Corporation,2,"$10,000",Registration,"$5,000",Registration,"$5,000",,,None,$0,None,$0,None,$0,None,$0,None,$0,None,$0,None,$0
"GitHub, Inc.",3,"$9,500",Silver,"$3,500",None,$0,,,None,$0,None,$0,None,$0,None,$0,Silver,"$3,000",Silver,"$3,000",None,$0
PogoLinux,3,"$9,500",None,$0,Silver,"$3,500",,,None,$0,Silver,"$3,000",None,$0,None,$0,None,$0,Silver,"$3,000",None,$0
"Cisco Systems, Inc.",3,"$9,000",Gold,"$6,000",None,$0,,,None,$0,None,$0,None,$0,None,$0,Special Event,"$2,000",Special Event,"$1,000",None,$0
"DataStax, Inc.",2,"$9,000",Gold,"$6,000",None,$0,,,Silver,"$3,000",None,$0,None,$0,None,$0,None,$0,None,$0,None,$0
Humio,2,"$9,000",None,$0,Gold,"$6,000",,,None,$0,Silver,"$3,000",None,$0,None,$0,None,$0,None,$0,None,$0
Keycloud,2,"$9,000",None,$0,None,$0,,,None,$0,None,$0,None,$0,None,$0,Gold,"$6,000",Silver,"$3,000",None,$0
Linux Academy,3,"$9,000",None,$0,None,$0,,,None,$0,None,$0,Silver,"$3,000",Silver,"$3,000",Silver,"$3,000",None,$0,None,$0
MariaDB,3,"$9,000",None,$0,None,$0,,,None,$0,Silver,"$3,000",Silver,"$3,000",None,$0,Silver,"$3,000",None,$0,None,$0
PSSC Labs,3,"$9,000",None,$0,None,$0,,,None,$0,Silver,"$3,000",Silver,"$3,000",Silver,"$3,000",None,$0,None,$0,None,$0
"Sonatype, Inc.",2,"$9,000",Gold,"$6,000",None,$0,,,None,$0,None,$0,Silver,"$3,000",None,$0,None,$0,None,$0,None,$0
StackIQ,2,"$9,000",None,$0,None,$0,,,None,$0,None,$0,None,$0,Silver,"$3,000",Gold,"$6,000",None,$0,None,$0
Zabbix,3,"$9,000",None,$0,None,$0,,,Silver,"$3,000",None,$0,Silver,"$3,000",Silver,"$3,000",None,$0,None,$0,None,$0
FreeBSD Foundation,6,"$8,500",Media,"$2,000",Media,$500,,,Media,"$1,500",None,$0,Media,"$1,500",Media,"$1,500",None,$0,Media,"$1,500",None,$0
DreamHost,3,"$8,000",None,$0,None,$0,,,None,$0,None,$0,None,$0,None,$0,Silver,"$3,000",Reception,"$2,500",Reception,"$2,500"
Stickermule,5,"$8,000",Media,"$2,000",None,$0,,,Media,"$1,500",Media,"$1,500",Media,"$1,500",None,$0,Media,"$1,500",None,$0,None,$0
TeleSign,2,"$8,000",None,$0,None,$0,,,None,$0,None,$0,None,$0,None,$0,None,$0,Gold,"$5,000",Silver,"$3,000"
All Things Open,3,"$7,500",None,$0,None,$0,,,Silver,"$3,000",Silver,"$3,000",None,$0,None,$0,Media,"$1,500",None,$0,None,$0
Symantec,3,"$7,500",None,$0,None,$0,,,None,$0,None,$0,Silver,"$3,000",Silver,"$3,000",None,$0,Speaker Track,"$1,500",None,$0
Usenix,5,"$7,500",None,$0,None,$0,,,Media,"$1,500",None,$0,Media,"$1,500",None,$0,Media,"$1,500",Media,"$1,500",Media,"$1,500"
Calyptia,2,"$7,000",Silver,"$3,500",Silver,"$3,500",,,None,$0,None,$0,None,$0,None,$0,None,$0,None,$0,None,$0
Camunda,2,"$7,000",Silver,"$3,500",Silver,"$3,500",,,None,$0,None,$0,None,$0,None,$0,None,$0,None,$0,None,$0
CIQ,2,"$7,000",Silver,"$3,500",Silver,"$3,500",,,None,$0,None,$0,None,$0,None,$0,None,$0,None,$0,None,$0
CircleCI,2,"$7,000",Silver,"$3,500",Silver,"$3,500",,,None,$0,None,$0,None,$0,None,$0,None,$0,None,$0,None,$0
DigitalOcean,2,"$7,000",None,$0,Gold,"$6,000",,,None,$0,None,$0,None,$0,None,$0,None,$0,Special Event,"$1,000",None,$0
opensource.com,5,"$7,000",None,$0,None,$0,,,None,$0,Media,"$1,500",Media,"$1,500",Special Event,"$1,000",Media,"$1,500",Media,"$1,500",None,$0
"Puppet, Inc.",3,"$7,000",None,$0,None,$0,,,None,$0,None,$0,None,$0,None,$0,Silver,"$3,000",Special Event,"$1,000",Silver,"$3,000"
Spyderbat,2,"$7,000",Silver,"$3,500",Silver,"$3,500",,,None,$0,None,$0,None,$0,None,$0,None,$0,None,$0,None,$0
Databricks Inc.,2,"$6,500",Gold,"$6,000",Media,$500,,,None,$0,None,$0,None,$0,None,$0,None,$0,None,$0,None,$0
iXsystems,2,"$6,500",Silver,"$3,500",None,$0,,,Silver,"$3,000",None,$0,None,$0,None,$0,None,$0,None,$0,None,$0
Linux Foundation,3,"$6,500",Speaker Track,"$2,000",None,$0,,,None,$0,Silver,"$3,000",Speaker Track,"$1,500",None,$0,None,$0,None,$0,None,$0
"Synopsys, Inc",2,"$6,500",Silver,"$3,500",None,$0,,,None,$0,Silver,"$3,000",None,$0,None,$0,None,$0,None,$0,None,$0
Western Regional Collegiate Cyber Defense Competition,2,"$6,500",None,$0,Silver,"$3,500",,,Silver,"$3,000",None,$0,None,$0,None,$0,None,$0,None,$0,None,$0
BareOS,2,"$6,000",None,$0,None,$0,,,Silver,"$3,000",Silver,"$3,000",None,$0,None,$0,None,$0,None,$0,None,$0
BlackDuck,2,"$6,000",None,$0,None,$0,,,None,$0,None,$0,Silver,"$3,000",Silver,"$3,000",None,$0,None,$0,None,$0
Everbridge,2,"$6,000",None,$0,None,$0,,,None,$0,None,$0,Silver,"$3,000",Silver,"$3,000",None,$0,None,$0,None,$0
Gradle,1,"$6,000",None,$0,Gold,"$6,000",,,None,$0,None,$0,None,$0,None,$0,None,$0,None,$0,None,$0
Isovalent Inc.,1,"$6,000",Gold,"$6,000",None,$0,,,None,$0,None,$0,None,$0,None,$0,None,$0,None,$0,None,$0
"NetApp, Inc",2,"$6,000",None,$0,None,$0,,,None,$0,None,$0,Silver,"$3,000",Silver,"$3,000",None,$0,None,$0,None,$0
New Relic,1,"$6,000",Gold,"$6,000",None,$0,,,None,$0,None,$0,None,$0,None,$0,None,$0,None,$0,None,$0
Observe,1,"$6,000",None,$0,Gold,"$6,000",,,None,$0,None,$0,None,$0,None,$0,None,$0,None,$0,None,$0
OpenX,2,"$6,000",None,$0,None,$0,,,None,$0,None,$0,None,$0,Silver,"$3,000",Silver,"$3,000",None,$0,None,$0
opsi,2,"$6,000",None,$0,None,$0,,,Silver,"$3,000",Silver,"$3,000",None,$0,None,$0,None,$0,None,$0,None,$0
PennyMac,2,"$6,000",None,$0,None,$0,,,Silver,"$3,000",None,$0,None,$0,Silver,"$3,000",None,$0,None,$0,None,$0
pgEdge,1,"$6,000",Gold,"$6,000",None,$0,,,None,$0,None,$0,None,$0,None,$0,None,$0,None,$0,None,$0
R1Soft,2,"$6,000",None,$0,None,$0,,,None,$0,None,$0,None,$0,Silver,"$3,000",Silver,"$3,000",None,$0,None,$0
Rancher,2,"$6,000",None,$0,None,$0,,,None,$0,Silver,"$3,000",None,$0,Silver,"$3,000",None,$0,None,$0,None,$0
Skysilk,1,"$6,000",None,$0,None,$0,,,None,$0,Gold,"$6,000",None,$0,None,$0,None,$0,None,$0,None,$0
SoftIron,2,"$6,000",None,$0,None,$0,,,Silver,"$3,000",Silver,"$3,000",None,$0,None,$0,None,$0,None,$0,None,$0
Splunk Inc.,1,"$6,000",None,$0,None,$0,,,Gold,"$6,000",None,$0,None,$0,None,$0,None,$0,None,$0,None,$0
Square,1,"$6,000",None,$0,None,$0,,,Gold,"$6,000",None,$0,None,$0,None,$0,None,$0,None,$0,None,$0
StackRox,1,"$6,000",None,$0,None,$0,,,None,$0,Gold,"$6,000",None,$0,None,$0,None,$0,None,$0,None,$0
Ticketmaster,2,"$6,000",None,$0,None,$0,,,None,$0,Reception,"$3,500",None,$0,Reception,"$2,500",None,$0,None,$0,None,$0
"Tigera, Inc.",1,"$6,000",None,$0,None,$0,,,Gold,"$6,000",None,$0,None,$0,None,$0,None,$0,None,$0,None,$0
Transformix,1,"$6,000",None,$0,None,$0,,,None,$0,Gold,"$6,000",None,$0,None,$0,None,$0,None,$0,None,$0
Yubico,2,"$6,000",None,$0,None,$0,,,None,$0,Silver,"$3,000",Silver,"$3,000",None,$0,None,$0,None,$0,None,$0
Arm Limited,3,"$5,500",Media,"$2,000",Media,$500,,,Silver,"$3,000",None,$0,None,$0,None,$0,None,$0,None,$0,None,$0
Q Connects,4,"$5,300",None,$0,None,$0,,,None,$0,None,$0,None,$0,Speaker Track,"$1,500",Speaker Track,$800,Speaker Track,"$1,500",Speaker Track,"$1,500"
Couchbase,1,"$5,000",None,$0,None,$0,,,None,$0,None,$0,None,$0,Gold,"$5,000",None,$0,None,$0,None,$0
Openshift,1,"$5,000",None,$0,None,$0,,,None,$0,None,$0,None,$0,Gold,"$5,000",None,$0,None,$0,None,$0
Steelhouse,1,"$5,000",None,$0,None,$0,,,None,$0,None,$0,None,$0,Gold,"$5,000",None,$0,None,$0,None,$0
Zevnet,1,"$5,000",None,$0,None,$0,,,None,$0,None,$0,Registration,"$5,000",None,$0,None,$0,None,$0,None,$0
Buildkite,2,"$4,500",Silver,"$3,500",Speaker Track,"$1,000",,,None,$0,None,$0,None,$0,None,$0,None,$0,None,$0,None,$0
"Docker, Inc.",2,"$4,500",None,$0,None,$0,,,None,$0,None,$0,None,$0,Speaker Track,"$1,500",Silver,"$3,000",None,$0,None,$0
Rubicon Project,2,"$4,500",None,$0,None,$0,,,None,$0,None,$0,None,$0,None,$0,Silver,"$3,000",Speaker Track,"$1,500",None,$0
SourceForge,3,"$4,000",Media,"$2,000",Media,$500,,,None,$0,None,$0,Media,"$1,500",None,$0,None,$0,None,$0,None,$0
Tailscale,1,"$4,000",Reception,"$4,000",None,$0,,,None,$0,None,$0,None,$0,None,$0,None,$0,None,$0,None,$0
"Acorn Labs, Inc",1,"$3,500",Silver,"$3,500",None,$0,,,None,$0,None,$0,None,$0,None,$0,None,$0,None,$0,None,$0
Adobe Inc.,1,"$3,500",None,$0,None,$0,,,None,$0,None,$0,Reception,"$3,500",None,$0,None,$0,None,$0,None,$0
"Akamai Technologies, Inc.",1,"$3,500",Silver,"$3,500",None,$0,,,None,$0,None,$0,None,$0,None,$0,None,$0,None,$0,None,$0
"Akuity, Inc.",1,"$3,500",Silver,"$3,500",None,$0,,,None,$0,None,$0,None,$0,None,$0,None,$0,None,$0,None,$0
AllegroGraph,1,"$3,500",None,$0,Silver,"$3,500",,,None,$0,None,$0,None,$0,None,$0,None,$0,None,$0,None,$0
Asserts,1,"$3,500",Silver,"$3,500",None,$0,,,None,$0,None,$0,None,$0,None,$0,None,$0,None,$0,None,$0
Azul,1,"$3,500",Silver,"$3,500",None,$0,,,None,$0,None,$0,None,$0,None,$0,None,$0,None,$0,None,$0
Bayesian Platform,1,"$3,500",Silver,"$3,500",None,$0,,,None,$0,None,$0,None,$0,None,$0,None,$0,None,$0,None,$0
"Chronosphere, Inc.",1,"$3,500",None,$0,Silver,"$3,500",,,None,$0,None,$0,None,$0,None,$0,None,$0,None,$0,None,$0
"CloudBees, Inc.",1,"$3,500",None,$0,Silver,"$3,500",,,None,$0,None,$0,None,$0,None,$0,None,$0,None,$0,None,$0
Courier,1,"$3,500",None,$0,Silver,"$3,500",,,None,$0,None,$0,None,$0,None,$0,None,$0,None,$0,None,$0
CyberArk,1,"$3,500",Silver,"$3,500",None,$0,,,None,$0,None,$0,None,$0,None,$0,None,$0,None,$0,None,$0
"D2iQ, Inc.",1,"$3,500",Silver,"$3,500",None,$0,,,None,$0,None,$0,None,$0,None,$0,None,$0,None,$0,None,$0
DBeaver,1,"$3,500",Silver,"$3,500",None,$0,,,None,$0,None,$0,None,$0,None,$0,None,$0,None,$0,None,$0
DeepSource,1,"$3,500",None,$0,Silver,"$3,500",,,None,$0,None,$0,None,$0,None,$0,None,$0,None,$0,None,$0
Dynatrace LLC,1,"$3,500",None,$0,Silver,"$3,500",,,None,$0,None,$0,None,$0,None,$0,None,$0,None,$0,None,$0
EDB,1,"$3,500",None,$0,Reception,"$3,500",,,None,$0,None,$0,None,$0,None,$0,None,$0,None,$0,None,$0
Era Software,1,"$3,500",None,$0,Silver,"$3,500",,,None,$0,None,$0,None,$0,None,$0,None,$0,None,$0,None,$0
FleetDM,1,"$3,500",Silver,"$3,500",None,$0,,,None,$0,None,$0,None,$0,None,$0,None,$0,None,$0,None,$0
Grafana Labs,1,"$3,500",Silver,"$3,500",None,$0,,,None,$0,None,$0,None,$0,None,$0,None,$0,None,$0,None,$0
Gremlin,1,"$3,500",None,$0,Silver,"$3,500",,,None,$0,None,$0,None,$0,None,$0,None,$0,None,$0,None,$0
Harness Inc.,1,"$3,500",None,$0,Silver,"$3,500",,,None,$0,None,$0,None,$0,None,$0,None,$0,None,$0,None,$0
IEEE SA Open,1,"$3,500",Silver,"$3,500",None,$0,,,None,$0,None,$0,None,$0,None,$0,None,$0,None,$0,None,$0
Intellibus,1,"$3,500",None,$0,Silver,"$3,500",,,None,$0,None,$0,None,$0,None,$0,None,$0,None,$0,None,$0
ITopia,1,"$3,500",None,$0,Silver,"$3,500",,,None,$0,None,$0,None,$0,None,$0,None,$0,None,$0,None,$0
"Kloudfuse, Inc.",1,"$3,500",Silver,"$3,500",None,$0,,,None,$0,None,$0,None,$0,None,$0,None,$0,None,$0,None,$0
Kubecost,1,"$3,500",Silver,"$3,500",None,$0,,,None,$0,None,$0,None,$0,None,$0,None,$0,None,$0,None,$0
Linux Magazine,2,"$3,500",Media,"$2,000",None,$0,,,Media,"$1,500",None,$0,None,$0,None,$0,None,$0,None,$0,None,$0
"Loft Labs, Inc.",1,"$3,500",Silver,"$3,500",None,$0,,,None,$0,None,$0,None,$0,None,$0,None,$0,None,$0,None,$0
Maira,1,"$3,500",Silver,"$3,500",None,$0,,,None,$0,None,$0,None,$0,None,$0,None,$0,None,$0,None,$0
Mondoo,1,"$3,500",None,$0,Silver,"$3,500",,,None,$0,None,$0,None,$0,None,$0,None,$0,None,$0,None,$0
NanoVMS,1,"$3,500",Silver,"$3,500",None,$0,,,None,$0,None,$0,None,$0,None,$0,None,$0,None,$0,None,$0
Neuralink,1,"$3,500",None,$0,Silver,"$3,500",,,None,$0,None,$0,None,$0,None,$0,None,$0,None,$0,None,$0
Octopus Deploy PTY Ltd.,1,"$3,500",None,$0,Silver,"$3,500",,,None,$0,None,$0,None,$0,None,$0,None,$0,None,$0,None,$0
Okteto,1,"$3,500",Silver,"$3,500",None,$0,,,None,$0,None,$0,None,$0,None,$0,None,$0,None,$0,None,$0
OpenCost,1,"$3,500",Silver,"$3,500",None,$0,,,None,$0,None,$0,None,$0,None,$0,None,$0,None,$0,None,$0
PagerDuty,1,"$3,500",Silver,"$3,500",None,$0,,,None,$0,None,$0,None,$0,None,$0,None,$0,None,$0,None,$0
Port,1,"$3,500",Silver,"$3,500",None,$0,,,None,$0,None,$0,None,$0,None,$0,None,$0,None,$0,None,$0
ProsperOps,1,"$3,500",Silver,"$3,500",None,$0,,,None,$0,None,$0,None,$0,None,$0,None,$0,None,$0,None,$0
Quest,1,"$3,500",Silver,"$3,500",None,$0,,,None,$0,None,$0,None,$0,None,$0,None,$0,None,$0,None,$0
"Replicated, Inc.",1,"$3,500",None,$0,Silver,"$3,500",,,None,$0,None,$0,None,$0,None,$0,None,$0,None,$0,None,$0
Retool,1,"$3,500",Silver,"$3,500",None,$0,,,None,$0,None,$0,None,$0,None,$0,None,$0,None,$0,None,$0
ScoutAPM,1,"$3,500",None,$0,Silver,"$3,500",,,None,$0,None,$0,None,$0,None,$0,None,$0,None,$0,None,$0
"Spacelift, Inc.",1,"$3,500",None,$0,Silver,"$3,500",,,None,$0,None,$0,None,$0,None,$0,None,$0,None,$0,None,$0
Supplyframe,1,"$3,500",None,$0,None,$0,,,None,$0,None,$0,None,$0,None,$0,Reception,"$3,500",None,$0,None,$0
Temporal Technologies Inc,1,"$3,500",Silver,"$3,500",None,$0,,,None,$0,None,$0,None,$0,None,$0,None,$0,None,$0,None,$0
Tetrate.io,1,"$3,500",Silver,"$3,500",None,$0,,,None,$0,None,$0,None,$0,None,$0,None,$0,None,$0,None,$0
TuxCare,1,"$3,500",Silver,"$3,500",None,$0,,,None,$0,None,$0,None,$0,None,$0,None,$0,None,$0,None,$0
Veryant,1,"$3,500",None,$0,Silver,"$3,500",,,None,$0,None,$0,None,$0,None,$0,None,$0,None,$0,None,$0
Willing Minds,1,"$3,500",None,$0,None,$0,,,None,$0,None,$0,None,$0,None,$0,Reception,"$3,500",None,$0,None,$0
Aerospace Corporation,1,"$3,000",None,$0,None,$0,,,Silver,"$3,000",None,$0,None,$0,None,$0,None,$0,None,$0,None,$0
Anchore,1,"$3,000",None,$0,None,$0,,,None,$0,None,$0,None,$0,Silver,"$3,000",None,$0,None,$0,None,$0
Apcera,1,"$3,000",None,$0,None,$0,,,None,$0,None,$0,None,$0,None,$0,Silver,"$3,000",None,$0,None,$0
Aurio,1,"$3,000",None,$0,None,$0,,,None,$0,None,$0,None,$0,None,$0,Silver,"$3,000",None,$0,None,$0
Beachbody,1,"$3,000",None,$0,None,$0,,,None,$0,None,$0,None,$0,None,$0,Silver,"$3,000",None,$0,None,$0
Bitergia,1,"$3,000",None,$0,None,$0,,,Silver,"$3,000",None,$0,None,$0,None,$0,None,$0,None,$0,None,$0
"Buoyant, Inc.",1,"$3,000",None,$0,None,$0,,,None,$0,None,$0,Silver,"$3,000",None,$0,None,$0,None,$0,None,$0
CFEngine,1,"$3,000",None,$0,None,$0,,,None,$0,None,$0,None,$0,None,$0,None,$0,None,$0,Silver,"$3,000"
Chaossearch,1,"$3,000",None,$0,None,$0,,,Silver,"$3,000",None,$0,None,$0,None,$0,None,$0,None,$0,None,$0
Circonus,1,"$3,000",None,$0,None,$0,,,None,$0,None,$0,None,$0,None,$0,Silver,"$3,000",None,$0,None,$0
Citrix Systems Inc.,1,"$3,000",None,$0,None,$0,,,None,$0,None,$0,None,$0,None,$0,None,$0,Silver,"$3,000",None,$0
Coastline College,1,"$3,000",None,$0,None,$0,,,Silver,"$3,000",None,$0,None,$0,None,$0,None,$0,None,$0,None,$0
Codestream,1,"$3,000",None,$0,None,$0,,,None,$0,None,$0,Silver,"$3,000",None,$0,None,$0,None,$0,None,$0
Cribl Inc,1,"$3,000",None,$0,None,$0,,,None,$0,Silver,"$3,000",None,$0,None,$0,None,$0,None,$0,None,$0
"Crunchy Data Solutions, Inc.",1,"$3,000",None,$0,None,$0,,,None,$0,Silver,"$3,000",None,$0,None,$0,None,$0,None,$0,None,$0
Datera,1,"$3,000",None,$0,None,$0,,,None,$0,None,$0,None,$0,None,$0,Silver,"$3,000",None,$0,None,$0
Dell Technologies,1,"$3,000",None,$0,None,$0,,,None,$0,None,$0,None,$0,Silver,"$3,000",None,$0,None,$0,None,$0
"Diamanti, Inc.",1,"$3,000",None,$0,None,$0,,,None,$0,None,$0,Silver,"$3,000",None,$0,None,$0,None,$0,None,$0
Fast Reports,1,"$3,000",None,$0,None,$0,,,None,$0,Silver,"$3,000",None,$0,None,$0,None,$0,None,$0,None,$0
Fauna,1,"$3,000",None,$0,None,$0,,,None,$0,Silver,"$3,000",None,$0,None,$0,None,$0,None,$0,None,$0
Floqast,1,"$3,000",None,$0,None,$0,,,None,$0,Silver,"$3,000",None,$0,None,$0,None,$0,None,$0,None,$0
FOSS Force,2,"$3,000",None,$0,None,$0,,,None,$0,None,$0,None,$0,None,$0,Media,"$1,500",Media,"$1,500",None,$0
FOSSA,1,"$3,000",None,$0,None,$0,,,None,$0,Silver,"$3,000",None,$0,None,$0,None,$0,None,$0,None,$0
"Gravitational, Inc",1,"$3,000",None,$0,None,$0,,,None,$0,Silver,"$3,000",None,$0,None,$0,None,$0,None,$0,None,$0
GumGum,1,"$3,000",None,$0,None,$0,,,Silver,"$3,000",None,$0,None,$0,None,$0,None,$0,None,$0,None,$0
HashiCorp Inc,1,"$3,000",None,$0,None,$0,,,None,$0,Silver,"$3,000",None,$0,None,$0,None,$0,None,$0,None,$0
Inktank,1,"$3,000",None,$0,None,$0,,,None,$0,None,$0,None,$0,None,$0,None,$0,None,$0,Silver,"$3,000"
InMotion Hosting,1,"$3,000",None,$0,None,$0,,,None,$0,None,$0,None,$0,None,$0,Silver,"$3,000",None,$0,None,$0
Invoca,1,"$3,000",None,$0,None,$0,,,None,$0,Silver,"$3,000",None,$0,None,$0,None,$0,None,$0,None,$0
"JFrog, Inc",1,"$3,000",None,$0,None,$0,,,None,$0,None,$0,None,$0,Silver,"$3,000",None,$0,None,$0,None,$0
Kubegrid,1,"$3,000",None,$0,None,$0,,,None,$0,None,$0,None,$0,Silver,"$3,000",None,$0,None,$0,None,$0
LinuxQuestions.org,2,"$3,000",None,$0,None,$0,,,None,$0,None,$0,Media,"$1,500",None,$0,Media,"$1,500",None,$0,None,$0
logdna,1,"$3,000",None,$0,None,$0,,,None,$0,Silver,"$3,000",None,$0,None,$0,None,$0,None,$0,None,$0
Lopsa,2,"$3,000",None,$0,None,$0,,,None,$0,None,$0,Media,"$1,500",None,$0,Media,"$1,500",None,$0,None,$0
LWN.net,2,"$3,000",None,$0,None,$0,,,None,$0,None,$0,Media,"$1,500",None,$0,Media,"$1,500",None,$0,None,$0
MemSQL,1,"$3,000",None,$0,None,$0,,,Silver,"$3,000",None,$0,None,$0,None,$0,None,$0,None,$0,None,$0
Microway,1,"$3,000",None,$0,None,$0,,,None,$0,None,$0,Silver,"$3,000",None,$0,None,$0,None,$0,None,$0
moog,1,"$3,000",None,$0,None,$0,,,None,$0,None,$0,None,$0,None,$0,Silver,"$3,000",None,$0,None,$0
Nagios,1,"$3,000",None,$0,None,$0,,,None,$0,None,$0,None,$0,None,$0,Silver,"$3,000",None,$0,None,$0
NATS,1,"$3,000",None,$0,None,$0,,,None,$0,None,$0,None,$0,Silver,"$3,000",None,$0,None,$0,None,$0
Nylas,1,"$3,000",None,$0,None,$0,,,None,$0,Silver,"$3,000",None,$0,None,$0,None,$0,None,$0,None,$0
ODroid,1,"$3,000",None,$0,None,$0,,,None,$0,None,$0,None,$0,None,$0,None,$0,None,$0,Silver,"$3,000"
OpenLogic,1,"$3,000",None,$0,None,$0,,,Silver,"$3,000",None,$0,None,$0,None,$0,None,$0,None,$0,None,$0
OrangeFS,1,"$3,000",None,$0,None,$0,,,None,$0,None,$0,None,$0,None,$0,Silver,"$3,000",None,$0,None,$0
Orchid,1,"$3,000",None,$0,None,$0,,,Silver,"$3,000",None,$0,None,$0,None,$0,None,$0,None,$0,None,$0
Pivotal,1,"$3,000",None,$0,None,$0,,,None,$0,None,$0,Silver,"$3,000",None,$0,None,$0,None,$0,None,$0
"PlanetScale, Inc.",1,"$3,000",None,$0,None,$0,,,Silver,"$3,000",None,$0,None,$0,None,$0,None,$0,None,$0,None,$0
"Platform9 Systems, Inc.",1,"$3,000",None,$0,None,$0,,,None,$0,None,$0,None,$0,Silver,"$3,000",None,$0,None,$0,None,$0
Procore,1,"$3,000",None,$0,None,$0,,,None,$0,None,$0,None,$0,Silver,"$3,000",None,$0,None,$0,None,$0
Purism,1,"$3,000",None,$0,None,$0,,,None,$0,Silver,"$3,000",None,$0,None,$0,None,$0,None,$0,None,$0
QNAP,1,"$3,000",None,$0,None,$0,,,None,$0,Silver,"$3,000",None,$0,None,$0,None,$0,None,$0,None,$0
Redis Labs,1,"$3,000",None,$0,None,$0,,,None,$0,None,$0,None,$0,None,$0,Silver,"$3,000",None,$0,None,$0
Resin.io,1,"$3,000",None,$0,None,$0,,,None,$0,None,$0,None,$0,Silver,"$3,000",None,$0,None,$0,None,$0
Sauce Labs Inc,1,"$3,000",None,$0,None,$0,,,None,$0,None,$0,None,$0,Silver,"$3,000",None,$0,None,$0,None,$0
Scalyr,1,"$3,000",None,$0,None,$0,,,None,$0,Silver,"$3,000",None,$0,None,$0,None,$0,None,$0,None,$0
Scylla,1,"$3,000",None,$0,None,$0,,,None,$0,None,$0,Silver,"$3,000",None,$0,None,$0,None,$0,None,$0
Sensu,1,"$3,000",None,$0,None,$0,,,None,$0,None,$0,Silver,"$3,000",None,$0,None,$0,None,$0,None,$0
ShiftLeft,1,"$3,000",None,$0,None,$0,,,Silver,"$3,000",None,$0,None,$0,None,$0,None,$0,None,$0,None,$0
Signal FX,1,"$3,000",None,$0,None,$0,,,None,$0,Silver,"$3,000",None,$0,None,$0,None,$0,None,$0,None,$0
Signal Sciences,2,"$3,000",None,$0,None,$0,,,None,$0,Special Event,"$2,000",None,$0,Special Event,"$1,000",None,$0,None,$0,None,$0
SMCI,1,"$3,000",None,$0,None,$0,,,None,$0,Silver,"$3,000",None,$0,None,$0,None,$0,None,$0,None,$0
Sparkpost,1,"$3,000",None,$0,None,$0,,,None,$0,None,$0,None,$0,Silver,"$3,000",None,$0,None,$0,None,$0
"Sumo Logic, Inc.",1,"$3,000",None,$0,None,$0,,,None,$0,None,$0,None,$0,None,$0,Silver,"$3,000",None,$0,None,$0
Taos,1,"$3,000",None,$0,None,$0,,,Silver,"$3,000",None,$0,None,$0,None,$0,None,$0,None,$0,None,$0
ThinkPenguin,1,"$3,000",None,$0,None,$0,,,Silver,"$3,000",None,$0,None,$0,None,$0,None,$0,None,$0,None,$0
Trend Micro Incorporated,1,"$3,000",None,$0,None,$0,,,Silver,"$3,000",None,$0,None,$0,None,$0,None,$0,None,$0,None,$0
Turris,1,"$3,000",None,$0,None,$0,,,Silver,"$3,000",None,$0,None,$0,None,$0,None,$0,None,$0,None,$0
Twilio,1,"$3,000",None,$0,None,$0,,,None,$0,Silver,"$3,000",None,$0,None,$0,None,$0,None,$0,None,$0
Twistlock,1,"$3,000",None,$0,None,$0,,,None,$0,None,$0,Silver,"$3,000",None,$0,None,$0,None,$0,None,$0
UCLA Law,1,"$3,000",None,$0,None,$0,,,Silver,"$3,000",None,$0,None,$0,None,$0,None,$0,None,$0,None,$0
Uffizzi,1,"$3,000",None,$0,None,$0,,,Silver,"$3,000",None,$0,None,$0,None,$0,None,$0,None,$0,None,$0
Vaddy,1,"$3,000",None,$0,None,$0,,,None,$0,None,$0,None,$0,None,$0,Silver,"$3,000",None,$0,None,$0
VICIdial,1,"$3,000",None,$0,None,$0,,,None,$0,None,$0,None,$0,Silver,"$3,000",None,$0,None,$0,None,$0
Whitesource,1,"$3,000",None,$0,None,$0,,,None,$0,Silver,"$3,000",None,$0,None,$0,None,$0,None,$0,None,$0
Yelp,1,"$3,000",None,$0,None,$0,,,None,$0,None,$0,None,$0,None,$0,Silver,"$3,000",None,$0,None,$0
FOSSLife,2,"$2,500",Media,"$2,000",Media,$500,,,None,$0,None,$0,None,$0,None,$0,None,$0,None,$0,None,$0
KubeEvents,2,"$2,500",Media,"$2,000",Media,$500,,,None,$0,None,$0,None,$0,None,$0,None,$0,None,$0,None,$0
"Minio, Inc",2,"$2,500",None,$0,None,$0,,,None,$0,None,$0,Media,"$1,500",Special Event,"$1,000",None,$0,None,$0,None,$0
Orabuntu-LXC,1,"$2,500",None,$0,None,$0,,,None,$0,None,$0,None,$0,Reception,"$2,500",None,$0,None,$0,None,$0
Yocto Project,2,"$2,300",None,$0,None,$0,,,None,$0,None,$0,None,$0,Speaker Track,"$1,500",Speaker Track,$800,None,$0,None,$0
Cars.com,2,"$2,000",None,$0,None,$0,,,None,$0,None,$0,None,$0,None,$0,None,$0,Special Event,"$1,000",Special Event,"$1,000"
Cloud7,1,"$2,000",Media,"$2,000",None,$0,,,None,$0,None,$0,None,$0,None,$0,None,$0,None,$0,None,$0
IT's FOSS,1,"$2,000",Media,"$2,000",None,$0,,,None,$0,None,$0,None,$0,None,$0,None,$0,None,$0,None,$0
Learnk8s,1,"$2,000",Media,"$2,000",None,$0,,,None,$0,None,$0,None,$0,None,$0,None,$0,None,$0,None,$0
Linux.org,1,"$2,000",Media,"$2,000",None,$0,,,None,$0,None,$0,None,$0,None,$0,None,$0,None,$0,None,$0
Open Source JobHub,1,"$2,000",Media,"$2,000",None,$0,,,None,$0,None,$0,None,$0,None,$0,None,$0,None,$0,None,$0
Open Source Watch,1,"$2,000",Media,"$2,000",None,$0,,,None,$0,None,$0,None,$0,None,$0,None,$0,None,$0,None,$0
Palamida,1,"$2,000",None,$0,None,$0,,,None,$0,None,$0,None,$0,None,$0,Special Event,"$2,000",None,$0,None,$0
StackHawk,1,"$2,000",Media,"$2,000",None,$0,,,None,$0,None,$0,None,$0,None,$0,None,$0,None,$0,None,$0
The New Stack,1,"$2,000",Media,"$2,000",None,$0,,,None,$0,None,$0,None,$0,None,$0,None,$0,None,$0,None,$0
TrendOceans,1,"$2,000",Media,"$2,000",None,$0,,,None,$0,None,$0,None,$0,None,$0,None,$0,None,$0,None,$0
TuxDigital,1,"$2,000",Media,"$2,000",None,$0,,,None,$0,None,$0,None,$0,None,$0,None,$0,None,$0,None,$0
ActiveState,1,"$1,500",None,$0,None,$0,,,None,$0,None,$0,None,$0,None,$0,None,$0,Speaker Track,"$1,500",None,$0
Bitnami,1,"$1,500",None,$0,None,$0,,,None,$0,None,$0,None,$0,Speaker Track,"$1,500",None,$0,None,$0,None,$0
DevOps.com,1,"$1,500",None,$0,None,$0,,,None,$0,None,$0,None,$0,None,$0,Media,"$1,500",None,$0,None,$0
Droplabs,1,"$1,500",None,$0,None,$0,,,None,$0,None,$0,None,$0,None,$0,None,$0,None,$0,Media,"$1,500"
Fedora,1,"$1,500",None,$0,None,$0,,,None,$0,None,$0,None,$0,None,$0,None,$0,None,$0,Speaker Track,"$1,500"
Home Advisor,1,"$1,500",None,$0,None,$0,,,None,$0,None,$0,None,$0,Media,"$1,500",None,$0,None,$0,None,$0
InformIT,1,"$1,500",None,$0,None,$0,,,None,$0,None,$0,None,$0,Media,"$1,500",None,$0,None,$0,None,$0
Joyent,1,"$1,500",None,$0,None,$0,,,None,$0,None,$0,None,$0,None,$0,None,$0,None,$0,Speaker Track,"$1,500"
Linux Action Show,1,"$1,500",None,$0,None,$0,,,None,$0,None,$0,None,$0,None,$0,Media,"$1,500",None,$0,None,$0
Linux Professional Institute,2,"$1,500",None,$0,Media,$500,,,None,$0,None,$0,None,$0,None,$0,None,$0,Special Event,"$1,000",None,$0
Maxcdn,1,"$1,500",None,$0,None,$0,,,None,$0,None,$0,None,$0,None,$0,None,$0,Speaker Track,"$1,500",None,$0
OC Hackers for Good,1,"$1,500",None,$0,None,$0,,,None,$0,None,$0,None,$0,None,$0,Media,"$1,500",None,$0,None,$0
Perforce,1,"$1,500",None,$0,None,$0,,,None,$0,None,$0,None,$0,None,$0,None,$0,None,$0,Media,"$1,500"
Shellcon,1,"$1,500",None,$0,None,$0,,,None,$0,None,$0,Media,"$1,500",None,$0,None,$0,None,$0,None,$0
Status.io,1,"$1,500",None,$0,None,$0,,,None,$0,None,$0,Media,"$1,500",None,$0,None,$0,None,$0,None,$0
Ubuntu User,1,"$1,500",None,$0,None,$0,,,None,$0,None,$0,None,$0,None,$0,Media,"$1,500",None,$0,None,$0
Unix Stickers,1,"$1,500",None,$0,None,$0,,,None,$0,None,$0,None,$0,None,$0,Media,"$1,500",None,$0,None,$0
Vivid Seats,1,"$1,500",None,$0,None,$0,,,None,$0,None,$0,None,$0,Media,"$1,500",None,$0,None,$0,None,$0
Acelio,1,"$1,000",None,$0,None,$0,,,None,$0,None,$0,None,$0,None,$0,None,$0,Special Event,"$1,000",None,$0
Ansible,1,"$1,000",None,$0,None,$0,,,None,$0,None,$0,None,$0,None,$0,None,$0,None,$0,Special Event,"$1,000"
dtk.io,1,"$1,000",None,$0,None,$0,,,None,$0,None,$0,None,$0,None,$0,None,$0,Special Event,"$1,000",None,$0
Flexera,1,"$1,000",None,$0,None,$0,,,None,$0,None,$0,None,$0,Special Event,"$1,000",None,$0,None,$0,None,$0
No Starch Press,1,"$1,000",None,$0,Raffle,"$1,000",,,None,$0,None,$0,None,$0,None,$0,None,$0,None,$0,None,$0
One Course Source,1,"$1,000",None,$0,None,$0,,,None,$0,None,$0,None,$0,None,$0,None,$0,Special Event,"$1,000",None,$0
StackStorm,1,"$1,000",None,$0,None,$0,,,None,$0,None,$0,None,$0,None,$0,None,$0,Special Event,"$1,000",None,$0
9to5 Linux,1,$500,None,$0,Media,$500,,,None,$0,None,$0,None,$0,None,$0,None,$0,None,$0,None,$0
Admin Magazine,1,$500,None,$0,Media,$500,,,None,$0,None,$0,None,$0,None,$0,None,$0,None,$0,None,$0
Faun,1,$500,None,$0,Media,$500,,,None,$0,None,$0,None,$0,None,$0,None,$0,None,$0,None,$0
nixCraft,1,$500,None,$0,Media,$500,,,None,$0,None,$0,None,$0,None,$0,None,$0,None,$0,None,$0